{
    "author": "Facebook",
    "author_url": "https://github.com/facebook/facebook-sdk-swift",
    "custom_categories": [
        {
            "children": [
                "AccessToken",
                "UserProfile",
                "UserProfilePictureView",
                "ApplicationDelegate",
                "SDKSettings",
                "SDKLoggingBehavior",
                "SDKVersion"
            ],
            "name": "Common"
        },
        {
            "children": [
                "AppEvent",
                "AppEventName",
                "AppEventParameterName",
                "AppEventsLogger",
                "AppEventLoggable",
                "AppEventParameterValueType"
            ],
            "name": "App Events"
        },
        {
            "children": [
                "LoginManager",
                "LoginButton",
                "LoginButtonDelegate",
                "LoginBehavior",
                "LoginDefaultAudience",
                "LoginResult"
            ],
            "name": "Facebook Login"
        },
        {
            "children": [
                "Permission",
                "ReadPermission",
                "PublishPermission"
            ],
            "name": "Facebook Permissions"
        },
        {
            "children": [
                "GraphRequest",
                "GraphRequestProtocol",
                "GraphRequestResult",
                "GraphRequestHTTPMethod",
                "GraphResponse",
                "GraphResponseProtocol",
                "GraphRequestConnection",
                "GraphRequestDataAttachment"
            ],
            "name": "Graph API"
        },
        {
            "children": [
                "ShareButton",
                "SendButton",
                "LikeButton",
                "LikeControl",
                "LikableObject"
            ],
            "name": "Sharing Buttons"
        },
        {
            "children": [
                "ShareDialog",
                "ShareDialogMode",
                "MessageDialog",
                "ContentSharingDialogProtocol"
            ],
            "name": "Sharing Dialogs"
        },
        {
            "children": [
                "LinkShareContent",
                "Photo",
                "PhotoShareContent",
                "Video",
                "VideoShareContent",
                "Hashtag",
                "ContentProtocol",
                "ContentSharingResultProtocol",
                "PostSharingResult"
            ],
            "name": "Shareable Content"
        },
        {
            "children": [
                "OpenGraphObject",
                "OpenGraphAction",
                "OpenGraphShareContent",
                "OpenGraphPropertyName",
                "OpenGraphPropertyValue",
                "OpenGraphPropertyContaining"
            ],
            "name": "Share Custom Open Graph Stories"
        },
        {
            "children": [
                "GraphSharer",
                "ShareError",
                "ContentSharerResult",
                "ContentSharingProtocol"
            ],
            "name": "Sharing via Graph API"
        },
        {
          "children": [
            "AppInvite"
          ],
          "name": "App Invites"
        },
        {
            "children": [
                "GameRequest"
            ],
            "name": "Game Requests"
        },
        {
            "children": [
                "==(_:_:)"
            ],
            "name": "Equality Helpers"
        }
    ],
    "hide_documentation_coverage": true,
    "module": "Facebook Swift SDK",
    "readme": "README.md",
    "skip_undocumented": true,
    "theme": "fullwidth"
}
